thread_id,comment_id,context
t3_2iwveo,cl800qa,I will note that there is some disagreement about these definitions but nevertheless they serve as a great/solid foudation upon which to build our ideas of life.
t3_29d178,cijpsrq,"I have worked with people with severe difficulties who were nevertheless brilliant, but I cannot predict if they'll do well in life in general."
t3_1uhj8f,cei5r73,"The earlier point nevertheless still stands: your brain is experiencing a simulation, but there is still an outside world where your brain-in-a-vat is a physical object which surprisingly gives rise to consciousness."
t3_1u3x0p,ceea3qy,"Executives who can obviously afford a dollar for a bagel and 50 cents for a donut nevertheless refuse to pay, perhaps due to a sense of entitlement."
t3_1t8yrt,ce5k8r6,I think you need another step to show that it is nevertheless immoral to pirate.
t3_1ld6h6,cby2a8w,"You may not be guilty of the crime you are charged with, but nevertheless not want to give information that incriminates you regarding other crimes (perhaps you are innocent of murder but don't want to go to jail for drug possession)."
t3_1kabrs,cbmzr37,"What we really need is some sort of Lovecraftian villain that would allow Batman to escape the first fight, but which would nevertheless gradually take over and become insurmountable (maybe zombies, in general, although tbh I don't know if they count) That, or somebody who reincarnates as a more powerful being (Phoenix?)"
t3_1e0dd7,c9vpu8l,"People are rightly up in arms, but it's nevertheless quite telling that the ongoing murder of foreigners hasn't caused that much of a stink."
t3_1byb8b,c9bdajc,"But you can think of lots of examples where someone puts themselves into a bad situation, but government nevertheless steps in to save them from themselves."
t3_2wfe25,coqawpy,"There are also a lot of people that we don't like in society who it is, nevertheless, not right to punish."
t3_2t6ote,cnw8hwh,"Believe me, I completely understand how frustrating it must seem to make reports and nevertheless see these horrible excuses for parents take babies home to what will inevitably amount to shitty home situations."
